,Year,Name,Last,First,Hand,Player,PA,AB,R,H,2B,3B,HR,TB,RBI,PartIn,CS,SH,SF,BB,IBB,HP,SO,GDP,AVG,SLG,OBP
0,2019, Shinnosuke Abe,Abe,Shinnosuke,L,"Abe, Shinnosuke",192,158,15,47,8,0,7,76,27,0,0,0,2,28,2,4,23,1,0.297,0.48100000000000004,0.41100000000000003
1,2019, Samuel Adames,Adames,Samuel,R,"Adames, Samuel",0,0,0,0,0,0,0,0,0,0,0,0,0,0,0,0,0,0,0.0,0.0,0.0
2,2019, Ryan Cook,Cook,Ryan,R,"Cook, Ryan",1,1,0,0,0,0,0,0,0,0,0,0,0,0,0,0,1,0,0.0,0.0,0.0
3,2019, Rubby De La Rosa,De La Rosa,Rubby,R,"De La Rosa, Rubby",0,0,0,0,0,0,0,0,0,0,0,0,0,0,0,0,0,0,0.0,0.0,0.0
4,2019, Yuri Furukawa,Furukawa,Yuri,R,"Furukawa, Yuri",1,1,0,0,0,0,0,0,0,0,0,0,0,0,0,0,1,0,0.0,0.0,0.0
5,2019, Alex Guerrero,Guerrero,Alex,R,"Guerrero, Alex",333,287,33,68,16,2,21,151,54,1,0,1,1,40,2,4,59,5,0.237,0.526,0.337
6,2019, Seishu Hatake,Hatake,Seishu,L,"Hatake, Seishu",4,2,1,1,0,0,0,1,0,0,0,1,0,1,0,0,1,0,0.5,0.5,0.667
7,2019, Hayato Horioka,Horioka,Hayato,R,"Horioka, Hayato",0,0,0,0,0,0,0,0,0,0,0,0,0,0,0,0,0,0,0.0,0.0,0.0
8,2019, Shun Ikeda,Ikeda,Shun,L,"Ikeda, Shun",0,0,0,0,0,0,0,0,0,0,0,0,0,0,0,0,0,0,0.0,0.0,0.0
9,2019, Nobutaka Imamura,Imamura,Nobutaka,L,"Imamura, Nobutaka",26,23,2,4,0,0,0,4,1,0,0,2,0,1,0,0,9,0,0.174,0.174,0.20800000000000002
10,2019, Shingo Ishikawa,Ishikawa,Shingo,R,"Ishikawa, Shingo",76,70,12,18,2,0,4,32,10,0,0,0,0,6,1,0,14,2,0.257,0.457,0.316
11,2019, Taylor Jungmann,Jungmann,Taylor,R,"Jungmann, Taylor",14,13,1,3,0,0,0,3,0,0,0,1,0,0,0,0,4,0,0.231,0.231,0.231
12,2019, Yohei Kagiya,Kagiya,Yohei,R,"Kagiya, Yohei",1,1,0,0,0,0,0,0,0,0,0,0,0,0,0,0,1,0,0.0,0.0,0.0
13,2019, Yoshiyuki Kamei,Kamei,Yoshiyuki,L,"Kamei, Yoshiyuki",503,450,67,128,27,2,13,198,55,9,1,3,5,45,3,0,91,6,0.284,0.44,0.34600000000000003
14,2019, Shuhei Kato,Kato,Shuhei,L,"Kato, Shuhei",3,3,2,0,0,0,0,0,0,0,0,0,0,0,0,0,1,0,0.0,0.0,0.0
15,2019, Yukinori Kishida,Kishida,Yukinori,R,"Kishida, Yukinori",7,7,0,0,0,0,0,0,0,0,0,0,0,0,0,0,2,0,0.0,0.0,0.0
16,2019, Takumi Kitamura,Kitamura,Takumi,R,"Kitamura, Takumi",7,5,3,0,0,0,0,0,0,1,0,0,0,1,0,1,2,0,0.0,0.0,0.28600000000000003
17,2019, Seiji Kobayashi,Kobayashi,Seiji,R,"Kobayashi, Seiji",236,213,20,52,6,0,2,64,19,1,0,11,1,7,0,4,48,12,0.244,0.3,0.28
18,2019, Takuya Kuwahara,Kuwahara,Takuya,R,"Kuwahara, Takuya",1,1,0,0,0,0,0,0,0,0,0,0,0,0,0,0,1,0,0.0,0.0,0.0
19,2019, Jorge Martinez,Martinez,Jorge,S,"Martinez, Jorge",8,8,0,1,1,0,0,2,1,0,0,0,0,0,0,0,5,0,0.125,0.25,0.125
20,2019, Yoshihiro Maru,Maru,Yoshihiro,L,"Maru, Yoshihiro",631,535,82,156,26,1,27,265,89,12,5,0,7,86,3,3,125,15,0.292,0.495,0.38799999999999996
21,2019, Daiki Masuda,Masuda,Daiki,R,"Masuda, Daiki",58,50,20,10,2,2,0,16,6,15,2,2,0,6,0,0,11,2,0.2,0.32,0.28600000000000003
22,2019, Scott Mathieson,Mathieson,Scott,R,"Mathieson, Scott",0,0,0,0,0,0,0,0,0,0,0,0,0,0,0,0,0,0,0.0,0.0,0.0
23,2019, Cristopher Crisostomo Mercedes,Mercedes,Cristopher Crisostomo,S,"Mercedes, Cristopher Crisostomo",42,36,1,3,0,0,0,3,0,0,0,5,0,1,0,0,16,0,0.083,0.083,0.10800000000000001
24,2019, Ryosuke Miyaguni,Miyaguni,Ryosuke,R,"Miyaguni, Ryosuke",2,2,0,0,0,0,0,0,0,0,0,0,0,0,0,0,2,0,0.0,0.0,0.0
25,2019, Masahiko Morifuku,Morifuku,Masahiko,L,"Morifuku, Masahiko",0,0,0,0,0,0,0,0,0,0,0,0,0,0,0,0,0,0,0.0,0.0,0.0
26,2019, Kota Nakagawa,Nakagawa,Kota,L,"Nakagawa, Kota",0,0,0,0,0,0,0,0,0,0,0,0,0,0,0,0,0,0,0.0,0.0,0.0
27,2019, Hiroyuki Nakajima,Nakajima,Hiroyuki,R,"Nakajima, Hiroyuki",65,54,5,8,4,0,1,15,5,1,0,0,1,9,0,1,21,1,0.14800000000000002,0.278,0.27699999999999997
28,2019, Ryoma Nogami,Nogami,Ryoma,R,"Nogami, Ryoma",2,2,0,0,0,0,0,0,0,0,0,0,0,0,0,0,2,0,0.0,0.0,0.0
29,2019, Ryusei Oe,Oe,Ryusei,L,"Oe, Ryusei",1,0,0,0,0,0,0,0,0,0,0,1,0,0,0,0,0,0,0.0,0.0,0.0
30,2019, Kazuma Okamoto,Okamoto,Kazuma,R,"Okamoto, Kazuma",628,555,84,147,29,0,31,269,94,3,0,2,3,62,3,6,132,15,0.265,0.485,0.34299999999999997
31,2019, Takumi Oshiro,Oshiro,Takumi,L,"Oshiro, Takumi",329,294,19,78,16,1,6,114,30,0,1,5,1,25,0,4,80,7,0.265,0.38799999999999996,0.33
32,2019, Kan Otake,Otake,Kan,R,"Otake, Kan",0,0,0,0,0,0,0,0,0,0,0,0,0,0,0,0,0,0,0.0,0.0,0.0
33,2019, Hayato Sakamoto,Sakamoto,Hayato,R,"Sakamoto, Hayato",639,555,103,173,26,0,40,319,94,5,3,3,2,77,6,2,123,9,0.312,0.575,0.396
34,2019, Koki Sakamoto,Sakamoto,Koki,R,"Sakamoto, Koki",0,0,0,0,0,0,0,0,0,0,0,0,0,0,0,0,0,0,0.0,0.0,0.0
35,2019, Toshiki Sakurai,Sakurai,Toshiki,R,"Sakurai, Toshiki",29,23,0,2,0,0,0,2,0,0,0,4,0,2,0,0,13,0,0.087,0.087,0.16
36,2019, Hirokazu Sawamura,Sawamura,Hirokazu,R,"Sawamura, Hirokazu",2,1,0,0,0,0,0,0,0,0,0,1,0,0,0,0,1,0,0.0,0.0,0.0
37,2019, Shinnosuke Shigenobu,Shigenobu,Shinnosuke,L,"Shigenobu, Shinnosuke",174,158,25,42,7,2,2,59,16,14,3,2,3,11,1,0,43,1,0.266,0.373,0.308
38,2019, Tomoyuki Sugano,Sugano,Tomoyuki,R,"Sugano, Tomoyuki",53,46,2,4,1,0,0,5,3,0,0,7,0,0,0,0,16,0,0.087,0.109,0.087
39,2019, Ginjiro Sumitani,Sumitani,Ginjiro,R,"Sumitani, Ginjiro",138,126,17,33,4,0,6,55,26,0,0,2,1,7,1,2,28,4,0.262,0.43700000000000006,0.309
40,2019, Kazuto Taguchi,Taguchi,Kazuto,L,"Taguchi, Kazuto",3,2,0,0,0,0,0,0,0,0,0,1,0,0,0,0,2,0,0.0,0.0,0.0
41,2019, Seiji Tahara,Tahara,Seiji,L,"Tahara, Seiji",0,0,0,0,0,0,0,0,0,0,0,0,0,0,0,0,0,0,0.0,0.0,0.0
42,2019, Kyosuke Takagi,Takagi,Kyosuke,L,"Takagi, Kyosuke",4,4,0,0,0,0,0,0,0,0,0,0,0,0,0,0,1,0,0.0,0.0,0.0
43,2019, Yuki Takahashi,Takahashi,Yuki,L,"Takahashi, Yuki",34,32,1,3,0,0,0,3,1,0,0,2,0,0,0,0,20,1,0.094,0.094,0.094
44,2019, Hosei Takata,Takata,Hosei,R,"Takata, Hosei",1,1,0,0,0,0,0,0,0,0,0,0,0,0,0,0,1,0,0.0,0.0,0.0
45,2019, Shunta Tanaka,Tanaka,Shunta,L,"Tanaka, Shunta",176,156,17,35,7,0,4,54,14,2,0,4,2,14,0,0,36,2,0.22399999999999998,0.34600000000000003,0.285
46,2019, Takaya Tanaka,Tanaka,Takaya,L,"Tanaka, Takaya",0,0,0,0,0,0,0,0,0,0,0,0,0,0,0,0,0,0,0.0,0.0,0.0
47,2019, Soichiro Tateoka,Tateoka,Soichiro,L,"Tateoka, Soichiro",16,14,4,4,2,0,0,6,1,3,0,0,0,2,0,0,4,0,0.28600000000000003,0.429,0.375
48,2019, Shosei Togo,Togo,Shosei,R,"Togo, Shosei",3,3,0,0,0,0,0,0,0,0,0,0,0,0,0,0,2,0,0.0,0.0,0.0
49,2019, Chiaki Tone,Tone,Chiaki,L,"Tone, Chiaki",1,0,0,0,0,0,0,0,0,0,0,1,0,0,0,0,0,0,0.0,0.0,0.0
50,2019, Shingo Usami,Usami,Shingo,L,"Usami, Shingo",4,4,0,1,0,0,0,1,0,0,0,0,0,0,0,0,0,0,0.25,0.25,0.25
51,2019, Christian Villanueva,Villanueva,Christian,R,"Villanueva, Christian",235,202,24,45,9,0,8,78,24,2,0,1,1,25,0,6,52,5,0.223,0.386,0.325
52,2019, Akihiro Wakabayashi,Wakabayashi,Akihiro,S,"Wakabayashi, Akihiro",273,234,34,56,9,1,5,82,21,11,2,4,1,32,1,2,51,3,0.239,0.35,0.335
53,2019, Shun Yamaguchi,Yamaguchi,Shun,R,"Yamaguchi, Shun",69,56,2,4,2,0,0,6,2,0,0,10,0,3,0,0,34,1,0.071,0.107,0.11900000000000001
54,2019, Yasuhiro Yamamoto,Yamamoto,Yasuhiro,R,"Yamamoto, Yasuhiro",212,177,31,41,7,3,2,60,10,2,0,6,0,22,1,7,51,3,0.23199999999999998,0.33899999999999997,0.34
55,2019, Kota Yamashita,Yamashita,Kota,L,"Yamashita, Kota",13,12,1,2,1,0,0,3,0,0,0,0,0,1,0,0,2,0,0.16699999999999998,0.25,0.231
56,2019, Daikan Yoh,Yoh,Daikan,R,"Yoh, Daikan",231,208,28,57,8,1,4,79,21,0,1,0,0,22,0,1,66,9,0.27399999999999997,0.38,0.34600000000000003
57,2019, Daiki Yoshikawa,Yoshikawa,Daiki,R,"Yoshikawa, Daiki",10,9,0,0,0,0,0,0,0,0,0,0,0,1,0,0,3,1,0.0,0.0,0.1
58,2019, Mitsuo Yoshikawa,Yoshikawa,Mitsuo,L,"Yoshikawa, Mitsuo",0,0,0,0,0,0,0,0,0,0,0,0,0,0,0,0,0,0,0.0,0.0,0.0
59,2019, Naoki Yoshikawa,Yoshikawa,Naoki,L,"Yoshikawa, Naoki",46,41,7,16,1,0,0,17,3,1,2,2,0,3,0,0,4,1,0.39,0.415,0.43200000000000005
